poslanec,url,asistent
Mgr. Ivan Adamec,https://www.psp.cz/sqw/detail.sqw?id=5700,JUDr. Pavel Staněk
Mgr. Ivan Adamec,https://www.psp.cz/sqw/detail.sqw?id=5700,Kateřina Pokorná
Mgr. Ivan Adamec,https://www.psp.cz/sqw/detail.sqw?id=5700,Lucie Prymšová
"prof. MUDr. Věra Adámková, CSc.",https://www.psp.cz/sqw/detail.sqw?id=6254,"Caroline Alberta Schiestl, MSc."
"prof. MUDr. Věra Adámková, CSc.",https://www.psp.cz/sqw/detail.sqw?id=6254,JUDr. Jana Svatoňová
"prof. MUDr. Věra Adámková, CSc.",https://www.psp.cz/sqw/detail.sqw?id=6254,Vladimír Broukal
Ing. Hana Aulická Jírovcová,https://www.psp.cz/sqw/detail.sqw?id=6149,Marta Hartmannová
Ing. Hana Aulická Jírovcová,https://www.psp.cz/sqw/detail.sqw?id=6149,Mgr. Jaroslav Borka
Ing. Hana Aulická Jírovcová,https://www.psp.cz/sqw/detail.sqw?id=6149,Miroslav Opálka
Ing. Hana Aulická Jírovcová,https://www.psp.cz/sqw/detail.sqw?id=6149,Vlastimil Vébr
Ing. Andrej Babiš,https://www.psp.cz/sqw/detail.sqw?id=6150,Darek Kysela
"Mgr. Andrea Babišová, MBA",https://www.psp.cz/sqw/detail.sqw?id=6428,Lukáš Oprchalský
"Mgr. Andrea Babišová, MBA",https://www.psp.cz/sqw/detail.sqw?id=6428,Robert Vondrovic
Bc. Ondřej Babka,https://www.psp.cz/sqw/detail.sqw?id=6623,Marek Liška
Bc. Ondřej Babka,https://www.psp.cz/sqw/detail.sqw?id=6623,Martin Zeman
Bc. Ondřej Babka,https://www.psp.cz/sqw/detail.sqw?id=6623,Matyáš Baloun
Margita Balaštíková,https://www.psp.cz/sqw/detail.sqw?id=6177,Petr Müller
Margita Balaštíková,https://www.psp.cz/sqw/detail.sqw?id=6177,Tereza Habartová
Ing. Dana Balcarová,https://www.psp.cz/sqw/detail.sqw?id=6429,Lukáš Blažej
Ing. Dana Balcarová,https://www.psp.cz/sqw/detail.sqw?id=6429,Nikola Havlová
"Ing. Lukáš Bartoň, Ph.D.",https://www.psp.cz/sqw/detail.sqw?id=6432,Martin Úlovec
"Ing. Lukáš Bartoň, Ph.D.",https://www.psp.cz/sqw/detail.sqw?id=6432,Miroslav Mašek
"Ing. Lukáš Bartoň, Ph.D.",https://www.psp.cz/sqw/detail.sqw?id=6432,Veronika Šmídová
"PhDr. Ivan Bartoš, Ph.D.",https://www.psp.cz/sqw/detail.sqw?id=6433,Lukáš Bartík
"PhDr. Ivan Bartoš, Ph.D.",https://www.psp.cz/sqw/detail.sqw?id=6433,Mgr. Věra Marušiaková
Ing. Jan Bartošek,https://www.psp.cz/sqw/detail.sqw?id=6178,Marta Martináková
Ing. Jan Bartošek,https://www.psp.cz/sqw/detail.sqw?id=6178,Mgr. Martina Pelikánová
Ing. Jan Bartošek,https://www.psp.cz/sqw/detail.sqw?id=6178,Michal Pummer
Ing. Jan Bartošek,https://www.psp.cz/sqw/detail.sqw?id=6178,Roman Málek
Ing. Jan Bartošek,https://www.psp.cz/sqw/detail.sqw?id=6178,Šimon Heller
Ing. Jan Bauer,https://www.psp.cz/sqw/detail.sqw?id=5379,Iveta Uhlíková
Ing. Jan Bauer,https://www.psp.cz/sqw/detail.sqw?id=5379,Kateřina Jurigová
Mgr. Martin Baxa,https://www.psp.cz/sqw/detail.sqw?id=6435,David Kuczynski
Mgr. Martin Baxa,https://www.psp.cz/sqw/detail.sqw?id=6435,Kateřina Pokorná
Mgr. Martin Baxa,https://www.psp.cz/sqw/detail.sqw?id=6435,Linda Trefná Kryštofová
Mgr. Martin Baxa,https://www.psp.cz/sqw/detail.sqw?id=6435,Michal Šašek
MUDr. Jiří Běhounek,https://www.psp.cz/sqw/detail.sqw?id=6002,Hana Minářů
MUDr. Jiří Běhounek,https://www.psp.cz/sqw/detail.sqw?id=6002,JUDr. Michal Hašek
MUDr. Jiří Běhounek,https://www.psp.cz/sqw/detail.sqw?id=6002,Renata Krupičková
MUDr. Jiří Běhounek,https://www.psp.cz/sqw/detail.sqw?id=6002,Roman Šádek
Ing. Petr Beitl,https://www.psp.cz/sqw/detail.sqw?id=6436,Markéta Hozová
Ing. Petr Beitl,https://www.psp.cz/sqw/detail.sqw?id=6436,Mikuláš Halás
Ing. Josef Bělica,https://www.psp.cz/sqw/detail.sqw?id=6437,Ing. Ondřej Baránek
Ing. Josef Bělica,https://www.psp.cz/sqw/detail.sqw?id=6437,Ivan Končický
Ing. Josef Bělica,https://www.psp.cz/sqw/detail.sqw?id=6437,Markéta Nowaková
Ing. Josef Bělica,https://www.psp.cz/sqw/detail.sqw?id=6437,Mgr. Alexandra Uherková
"MVDr. Pavel Bělobrádek, Ph.D., MPA",https://www.psp.cz/sqw/detail.sqw?id=6138,Ing. Martin Machů
"MVDr. Pavel Bělobrádek, Ph.D., MPA",https://www.psp.cz/sqw/detail.sqw?id=6138,Jan Novák
"MVDr. Pavel Bělobrádek, Ph.D., MPA",https://www.psp.cz/sqw/detail.sqw?id=6138,Martin Schmarcz
"MVDr. Pavel Bělobrádek, Ph.D., MPA",https://www.psp.cz/sqw/detail.sqw?id=6138,Roman Málek
"MVDr. Pavel Bělobrádek, Ph.D., MPA",https://www.psp.cz/sqw/detail.sqw?id=6138,Stanislav Drašnar
"MVDr. Pavel Bělobrádek, Ph.D., MPA",https://www.psp.cz/sqw/detail.sqw?id=6138,Vendulka Štěpánová
Marek Benda,https://www.psp.cz/sqw/detail.sqw?id=4,Alan Hopp
Marek Benda,https://www.psp.cz/sqw/detail.sqw?id=4,Ing. Miroslav Tyl
Marek Benda,https://www.psp.cz/sqw/detail.sqw?id=4,Michal Vávra
Ing. Petr Bendl,https://www.psp.cz/sqw/detail.sqw?id=346,Libuše Volfová
Ing. Petr Bendl,https://www.psp.cz/sqw/detail.sqw?id=346,Marek Tvrz
Mgr. Ondřej Benešík,https://www.psp.cz/sqw/detail.sqw?id=6179,Antonie Vaculíková
Mgr. Ondřej Benešík,https://www.psp.cz/sqw/detail.sqw?id=6179,Martin Schön
Mgr. Ondřej Benešík,https://www.psp.cz/sqw/detail.sqw?id=6179,Martin Svárovský
Mgr. Ondřej Benešík,https://www.psp.cz/sqw/detail.sqw?id=6179,Pavel Mimochodek
Mgr. Ondřej Benešík,https://www.psp.cz/sqw/detail.sqw?id=6179,Tereza Novotná
Mgr. Stanislav Berkovec,https://www.psp.cz/sqw/detail.sqw?id=6143,Ing. Pavlína Kuncová
Mgr. Stanislav Berkovec,https://www.psp.cz/sqw/detail.sqw?id=6143,Ing. et Ing. Jaroslav Švehla
Jan Birke,https://www.psp.cz/sqw/detail.sqw?id=6182,"Helena Urbanová, DiS"
Jan Birke,https://www.psp.cz/sqw/detail.sqw?id=6182,Jiří Říha
Jan Birke,https://www.psp.cz/sqw/detail.sqw?id=6182,Nina Adlof
Ing. Stanislav Blaha,https://www.psp.cz/sqw/detail.sqw?id=6438,Ivona Fišerová
Ing. Stanislav Blaha,https://www.psp.cz/sqw/detail.sqw?id=6438,Kristýna Koběrská
Ing. Stanislav Blaha,https://www.psp.cz/sqw/detail.sqw?id=6438,Petr Střítežský
Ing. Stanislav Blaha,https://www.psp.cz/sqw/detail.sqw?id=6438,Zuzana Motyková
Jiří Bláha,https://www.psp.cz/sqw/detail.sqw?id=6439,Patrik Němeček
"JUDr. Pavel Blažek, Ph.D.",https://www.psp.cz/sqw/detail.sqw?id=6079,Barbora Jägrová
"JUDr. Pavel Blažek, Ph.D.",https://www.psp.cz/sqw/detail.sqw?id=6079,Ing. Jan Babor
"JUDr. Pavel Blažek, Ph.D.",https://www.psp.cz/sqw/detail.sqw?id=6079,Ing. Miroslav Tyl
"JUDr. Pavel Blažek, Ph.D.",https://www.psp.cz/sqw/detail.sqw?id=6079,Jana Niklová
"JUDr. Pavel Blažek, Ph.D.",https://www.psp.cz/sqw/detail.sqw?id=6079,Monika Švaříčková
"JUDr. Pavel Blažek, Ph.D.",https://www.psp.cz/sqw/detail.sqw?id=6079,Vladimír Habas
Irena Blažková,https://www.psp.cz/sqw/detail.sqw?id=6661,Aneta Benešová
Irena Blažková,https://www.psp.cz/sqw/detail.sqw?id=6661,Jaroslava Hustáková
Irena Blažková,https://www.psp.cz/sqw/detail.sqw?id=6661,Milan Passinger
Marian Bojko,https://www.psp.cz/sqw/detail.sqw?id=6440,Dominik Wilczek
Marian Bojko,https://www.psp.cz/sqw/detail.sqw?id=6440,Iveta Timčáková
Marian Bojko,https://www.psp.cz/sqw/detail.sqw?id=6440,Radek Nováček
Mgr. Richard Brabec,https://www.psp.cz/sqw/detail.sqw?id=6184,Ing. Jakub Komárek
Mgr. Richard Brabec,https://www.psp.cz/sqw/detail.sqw?id=6184,Klára Dubovská
MUDr. Milan Brázdil,https://www.psp.cz/sqw/detail.sqw?id=6185,Mgr. Jana Pěkná
MUDr. Milan Brázdil,https://www.psp.cz/sqw/detail.sqw?id=6185,Mgr. Miloslav Tichý
MUDr. Milan Brázdil,https://www.psp.cz/sqw/detail.sqw?id=6185,Miloš Babiš
Andrea Brzobohatá,https://www.psp.cz/sqw/detail.sqw?id=6434,Hana Konopová
Andrea Brzobohatá,https://www.psp.cz/sqw/detail.sqw?id=6434,Ing. Pavlína Kuncová
Bc. Jaroslav Bžoch,https://www.psp.cz/sqw/detail.sqw?id=6441,Jiří Štábl
Bc. Jaroslav Bžoch,https://www.psp.cz/sqw/detail.sqw?id=6441,Tomáš Horák
Ing. Lukáš Černohorský,https://www.psp.cz/sqw/detail.sqw?id=6442,Jaroslav Němec
Ing. Lukáš Černohorský,https://www.psp.cz/sqw/detail.sqw?id=6442,Josef Pavlovic
Ing. Lukáš Černohorský,https://www.psp.cz/sqw/detail.sqw?id=6442,Mgr. Filip Hajný
Ing. Lukáš Černohorský,https://www.psp.cz/sqw/detail.sqw?id=6442,Mgr. Zuzana Klusová
Mgr. Jana Černochová,https://www.psp.cz/sqw/detail.sqw?id=5903,Jana Jelínková
Mgr. Jana Černochová,https://www.psp.cz/sqw/detail.sqw?id=5903,Ladislav Vovesný
RSDr. Alexander Černý,https://www.psp.cz/sqw/detail.sqw?id=5307,Marta Soušková
Ing. Monika Červíčková,https://www.psp.cz/sqw/detail.sqw?id=6580,Anna Kočicová
Ing. Monika Červíčková,https://www.psp.cz/sqw/detail.sqw?id=6580,JUDr. Veronika Kapras
Ing. Monika Červíčková,https://www.psp.cz/sqw/detail.sqw?id=6580,Kateřina Šunková Horáková
Ing. Monika Červíčková,https://www.psp.cz/sqw/detail.sqw?id=6580,Lubomír Brož
Mgr. Jan Čižinský,https://www.psp.cz/sqw/detail.sqw?id=6443,Martin Tománek
Ing. Jiří Dolejš,https://www.psp.cz/sqw/detail.sqw?id=5261,Martin Vrba
Ing. Jiří Dolejš,https://www.psp.cz/sqw/detail.sqw?id=5261,Mgr. Roman Janouch
Petr Dolínek,https://www.psp.cz/sqw/detail.sqw?id=6444,Kateřina Peštová
Petr Dolínek,https://www.psp.cz/sqw/detail.sqw?id=6444,Mgr. Jan Smetana
Petr Dolínek,https://www.psp.cz/sqw/detail.sqw?id=6444,"Petr Pavlík, Ph.D"
Petr Dolínek,https://www.psp.cz/sqw/detail.sqw?id=6444,Vojtěch Mráz
Ing. Klára Dostálová,https://www.psp.cz/sqw/detail.sqw?id=6430,Dita Mašková
"Mgr. Lenka Dražilová, MBA",https://www.psp.cz/sqw/detail.sqw?id=6431,Aneta Benešová
"Mgr. Lenka Dražilová, MBA",https://www.psp.cz/sqw/detail.sqw?id=6431,Ing. Jiří Míšenský
"Mgr. Lenka Dražilová, MBA",https://www.psp.cz/sqw/detail.sqw?id=6431,Jakub Konrád
"Mgr. Lenka Dražilová, MBA",https://www.psp.cz/sqw/detail.sqw?id=6431,"Kateřina Ostrá, 1.1.2021"
"Mgr. Lenka Dražilová, MBA",https://www.psp.cz/sqw/detail.sqw?id=6431,Michaela Kristeková
"Mgr. Lenka Dražilová, MBA",https://www.psp.cz/sqw/detail.sqw?id=6431,Veronika Stejskalová
MUDr. Jaroslav Dvořák,https://www.psp.cz/sqw/detail.sqw?id=6445,Anna Stodůlková
MUDr. Jaroslav Dvořák,https://www.psp.cz/sqw/detail.sqw?id=6445,Lenka Zumrová
"Bc. František Elfmark, DiS",https://www.psp.cz/sqw/detail.sqw?id=6446,Iva Kučerová
"Bc. František Elfmark, DiS",https://www.psp.cz/sqw/detail.sqw?id=6446,Jakub Brejša
"Bc. František Elfmark, DiS",https://www.psp.cz/sqw/detail.sqw?id=6446,Jana Míšková
Ing. Jaroslav Faltýnek,https://www.psp.cz/sqw/detail.sqw?id=6190,Aneta Benešová
Ing. Jaroslav Faltýnek,https://www.psp.cz/sqw/detail.sqw?id=6190,Jana Líbalová
Ing. Jaroslav Faltýnek,https://www.psp.cz/sqw/detail.sqw?id=6190,Veronika Stejskalová
MUDr. Kamal Farhan,https://www.psp.cz/sqw/detail.sqw?id=6447,Alena Křišťanová
MUDr. Kamal Farhan,https://www.psp.cz/sqw/detail.sqw?id=6447,Ing. Klára Slavíková
Mgr. Jan Farský,https://www.psp.cz/sqw/detail.sqw?id=5909,David Ulvr
Mgr. Jan Farský,https://www.psp.cz/sqw/detail.sqw?id=5909,Jan Nešpor
Mgr. Jan Farský,https://www.psp.cz/sqw/detail.sqw?id=5909,Jiří Brill
Mgr. Jan Farský,https://www.psp.cz/sqw/detail.sqw?id=5909,Štěpán Hofman
Mgr. Milan Feranec,https://www.psp.cz/sqw/detail.sqw?id=6448,Jaroslava Hustáková
Mgr. Milan Feranec,https://www.psp.cz/sqw/detail.sqw?id=6448,Mgr. Miloslav Tichý
JUDr. Dominik Feri,https://www.psp.cz/sqw/detail.sqw?id=6449,JUDr. Michal Říha
JUDr. Dominik Feri,https://www.psp.cz/sqw/detail.sqw?id=6449,Karolína Drachovská
Bc. Mikuláš Ferjenčík,https://www.psp.cz/sqw/detail.sqw?id=6450,Andrej Ramašeuski
Bc. Mikuláš Ferjenčík,https://www.psp.cz/sqw/detail.sqw?id=6450,Jana Brožová
Bc. Mikuláš Ferjenčík,https://www.psp.cz/sqw/detail.sqw?id=6450,Jiří Valenta
Bc. Mikuláš Ferjenčík,https://www.psp.cz/sqw/detail.sqw?id=6450,Lucie Procházková
Bc. Mikuláš Ferjenčík,https://www.psp.cz/sqw/detail.sqw?id=6450,Tomáš Kopečný
"Prof. PhDr. Petr Fiala, Ph.D., LL.M.",https://www.psp.cz/sqw/detail.sqw?id=6074,Jiří Kozák
"Prof. PhDr. Petr Fiala, Ph.D., LL.M.",https://www.psp.cz/sqw/detail.sqw?id=6074,Petra Fojtíková
Ing. Radim Fiala,https://www.psp.cz/sqw/detail.sqw?id=5459,Olga Švecová
Ing. Radim Fiala,https://www.psp.cz/sqw/detail.sqw?id=5459,PhDr. Lukáš Petřík
Ing. Radim Fiala,https://www.psp.cz/sqw/detail.sqw?id=5459,Radovan Moudrý
Ing. Radim Fiala,https://www.psp.cz/sqw/detail.sqw?id=5459,Václav Koudelka
Ing. Eva Fialová,https://www.psp.cz/sqw/detail.sqw?id=6457,Ing. Igor Babík Patrik Srba
Ing. Eva Fialová,https://www.psp.cz/sqw/detail.sqw?id=6457,Marián Vyšata
JUDr. Vojtěch Filip,https://www.psp.cz/sqw/detail.sqw?id=303,JUDr. Jaroslav Roman
JUDr. Vojtěch Filip,https://www.psp.cz/sqw/detail.sqw?id=303,Stanislav Křída
Jaroslav Foldyna,https://www.psp.cz/sqw/detail.sqw?id=5911,"Ing. Dana Jirchářová, MBA"
Jaroslav Foldyna,https://www.psp.cz/sqw/detail.sqw?id=5911,Jan Kavan
Jaroslav Foldyna,https://www.psp.cz/sqw/detail.sqw?id=5911,Michal Kraft
Jaroslav Foldyna,https://www.psp.cz/sqw/detail.sqw?id=5911,Miloš Černohorský
Jaroslav Foldyna,https://www.psp.cz/sqw/detail.sqw?id=5911,Milutin Iljič
Ing. Stanislav Fridrich,https://www.psp.cz/sqw/detail.sqw?id=6451,JUDr. Danuše Ernestová
Ing. Stanislav Fridrich,https://www.psp.cz/sqw/detail.sqw?id=6451,JUDr. Radim Vicherek
Ing. Stanislav Fridrich,https://www.psp.cz/sqw/detail.sqw?id=6451,Mgr. Aneta Bernardová
PaedDr. Alena Gajdůšková,https://www.psp.cz/sqw/detail.sqw?id=5703,Marie Richterová
PaedDr. Alena Gajdůšková,https://www.psp.cz/sqw/detail.sqw?id=5703,Pavel Kolban
PaedDr. Alena Gajdůšková,https://www.psp.cz/sqw/detail.sqw?id=5703,Tomáš Šenkeřík
Mgr. Petr Gazdík,https://www.psp.cz/sqw/detail.sqw?id=5914,Marek Smetana
Mgr. Petr Gazdík,https://www.psp.cz/sqw/detail.sqw?id=5914,Tomáš Pergl
"Mgr. Bc. Pavla Golasowská, DiS.",https://www.psp.cz/sqw/detail.sqw?id=6292,Ing. Bohuslav Niemiec
"Mgr. Bc. Pavla Golasowská, DiS.",https://www.psp.cz/sqw/detail.sqw?id=6292,Ing. Jitka Dudysová
"Mgr. Bc. Pavla Golasowská, DiS.",https://www.psp.cz/sqw/detail.sqw?id=6292,Lenka Shejbalová
"doc. PhDr. Miroslav Grebeníček, CSc.",https://www.psp.cz/sqw/detail.sqw?id=305,Radomír Silber
JUDr. Stanislav Grospič,https://www.psp.cz/sqw/detail.sqw?id=4778,"Ing. Dagmar Truxová, CSc."
JUDr. Stanislav Grospič,https://www.psp.cz/sqw/detail.sqw?id=4778,JUDr. Petr Kokoška
JUDr. Stanislav Grospič,https://www.psp.cz/sqw/detail.sqw?id=4778,JUDr. Zdeněk Karger
JUDr. Stanislav Grospič,https://www.psp.cz/sqw/detail.sqw?id=4778,Josef Svárovský
JUDr. Stanislav Grospič,https://www.psp.cz/sqw/detail.sqw?id=4778,Martin Peč
JUDr. Stanislav Grospič,https://www.psp.cz/sqw/detail.sqw?id=4778,"Mgr. Ing. Tereza Čechová Humpolcová, Ph.D."
JUDr. Stanislav Grospič,https://www.psp.cz/sqw/detail.sqw?id=4778,Zdeněk Maršíček
Ing. Josef Hájek,https://www.psp.cz/sqw/detail.sqw?id=6139,Dr. Richard Oleownik
Ing. Josef Hájek,https://www.psp.cz/sqw/detail.sqw?id=6139,Josef Kůtek
Ing. Josef Hájek,https://www.psp.cz/sqw/detail.sqw?id=6139,Marcela Mrózková Heříková
Ing. Josef Hájek,https://www.psp.cz/sqw/detail.sqw?id=6139,Vladimír Kolek
Jan Hamáček,https://www.psp.cz/sqw/detail.sqw?id=5462,Bc. Jaroslav Lempera
Jan Hamáček,https://www.psp.cz/sqw/detail.sqw?id=5462,Mgr. Eva Gregorová
Jan Hamáček,https://www.psp.cz/sqw/detail.sqw?id=5462,Mgr. Jan Elznic
Tomáš Hanzel,https://www.psp.cz/sqw/detail.sqw?id=6452,Dana Váhalová
Tomáš Hanzel,https://www.psp.cz/sqw/detail.sqw?id=6452,Marcela Tomková
Ing. Jaroslav Holík,https://www.psp.cz/sqw/detail.sqw?id=6198,Jindřiška Janůjová
Ing. Jaroslav Holík,https://www.psp.cz/sqw/detail.sqw?id=6198,PhDr. Josef Nový
Mgr. Radek Holomčík,https://www.psp.cz/sqw/detail.sqw?id=6454,Alžběta Randusová
Mgr. Radek Holomčík,https://www.psp.cz/sqw/detail.sqw?id=6454,Ivana Hlušičková
Mgr. Radek Holomčík,https://www.psp.cz/sqw/detail.sqw?id=6454,Jiří Valenta
Mgr. Radek Holomčík,https://www.psp.cz/sqw/detail.sqw?id=6454,Petra Vymazalová
Mgr. Radek Holomčík,https://www.psp.cz/sqw/detail.sqw?id=6454,Simona Kollárová
Mgr. Radek Holomčík,https://www.psp.cz/sqw/detail.sqw?id=6454,Tomáš Uhnák
Mgr. Libor Hoppe,https://www.psp.cz/sqw/detail.sqw?id=6693,Barbora Jägrová
Mgr. Libor Hoppe,https://www.psp.cz/sqw/detail.sqw?id=6693,Eliška Grodová
Mgr. Libor Hoppe,https://www.psp.cz/sqw/detail.sqw?id=6693,Monika Švaříčková
"PhDr. Ing. Mgr. Jan Hrnčíř, MBA, LL.M.",https://www.psp.cz/sqw/detail.sqw?id=6455,Irena Staňková
"PhDr. Ing. Mgr. Jan Hrnčíř, MBA, LL.M.",https://www.psp.cz/sqw/detail.sqw?id=6455,Mgr. Petra Svedíková Vávrová
Mgr. Tereza Hyťhová,https://www.psp.cz/sqw/detail.sqw?id=6456,Daniel Kolář
Mgr. Tereza Hyťhová,https://www.psp.cz/sqw/detail.sqw?id=6456,Miroslava Čermáková
JUDr. Jan Chvojka,https://www.psp.cz/sqw/detail.sqw?id=5926,Mgr. Jan Kudrna
JUDr. Jan Chvojka,https://www.psp.cz/sqw/detail.sqw?id=5926,Ondřej Ratajský
JUDr. Jan Chvojka,https://www.psp.cz/sqw/detail.sqw?id=5926,Věra Vodičková
"prof. Ing. Ivan Jáč, CSc.",https://www.psp.cz/sqw/detail.sqw?id=6458,Mgr. Barbora Vrbová Mládková
Jan Jakob,https://www.psp.cz/sqw/detail.sqw?id=6687,Lukáš Hejduk
Jan Jakob,https://www.psp.cz/sqw/detail.sqw?id=6687,Markéta Pečenková
Jan Jakob,https://www.psp.cz/sqw/detail.sqw?id=6687,Miroslava Hradilová
Jakub Janda,https://www.psp.cz/sqw/detail.sqw?id=6459,Mgr. Petr Pešek
Jakub Janda,https://www.psp.cz/sqw/detail.sqw?id=6459,Tomáš Crla
Jakub Janda,https://www.psp.cz/sqw/detail.sqw?id=6459,Vladimír Maryška
MUDr. Miloslav Janulík,https://www.psp.cz/sqw/detail.sqw?id=6201,Lukáš Makovec
Monika Jarošová,https://www.psp.cz/sqw/detail.sqw?id=6460,Ing. Dominik Hanko
Monika Jarošová,https://www.psp.cz/sqw/detail.sqw?id=6460,Václav Zítek
Monika Jarošová,https://www.psp.cz/sqw/detail.sqw?id=6460,Zdeněk Beneš
"Ing. Pavel Jelínek, PhD.",https://www.psp.cz/sqw/detail.sqw?id=6461,Ivana Schneiderová
"Ing. Pavel Jelínek, PhD.",https://www.psp.cz/sqw/detail.sqw?id=6461,Jana Zlámalová
"Ing. Pavel Jelínek, PhD.",https://www.psp.cz/sqw/detail.sqw?id=6461,Lenka Zumrová
"Ing. Pavel Jelínek, PhD.",https://www.psp.cz/sqw/detail.sqw?id=6461,Radovan Moudrý
Ing. Martin Jiránek,https://www.psp.cz/sqw/detail.sqw?id=6462,Alena Valentová
Ing. Martin Jiránek,https://www.psp.cz/sqw/detail.sqw?id=6462,Bara Soukup
Ing. Martin Jiránek,https://www.psp.cz/sqw/detail.sqw?id=6462,Petr Pleticha
Ing. Aleš Juchelka,https://www.psp.cz/sqw/detail.sqw?id=6463,Ivana Martáková Blaťáková
Ing. Aleš Juchelka,https://www.psp.cz/sqw/detail.sqw?id=6463,Kateřina Šupová
Ing. Aleš Juchelka,https://www.psp.cz/sqw/detail.sqw?id=6463,Martin Boruta
Ing. Aleš Juchelka,https://www.psp.cz/sqw/detail.sqw?id=6463,Petr Müller
Ing. Aleš Juchelka,https://www.psp.cz/sqw/detail.sqw?id=6463,Zdeňka Rybová
Ing. Stanislav Juránek,https://www.psp.cz/sqw/detail.sqw?id=5847,Ing. Miluše Macková
Ing. Stanislav Juránek,https://www.psp.cz/sqw/detail.sqw?id=5847,Michal Pummer
Ing. Marian Jurečka,https://www.psp.cz/sqw/detail.sqw?id=6205,Filip Šafr
Ing. Marian Jurečka,https://www.psp.cz/sqw/detail.sqw?id=6205,Ludmila Kopecká
"Ing. Pavel Juříček, Ph.D.",https://www.psp.cz/sqw/detail.sqw?id=6496,Eva Rýmlová
"Ing. Pavel Juříček, Ph.D.",https://www.psp.cz/sqw/detail.sqw?id=6496,Ing. Ludmila Nutilová
"Ing. Pavel Juříček, Ph.D.",https://www.psp.cz/sqw/detail.sqw?id=6496,Josef Vícha
Ing. Iva Kalátová,https://www.psp.cz/sqw/detail.sqw?id=6619,Ivan Končický
Ing. Iva Kalátová,https://www.psp.cz/sqw/detail.sqw?id=6619,Kamila Marešová
Ing. Iva Kalátová,https://www.psp.cz/sqw/detail.sqw?id=6619,Lenka Hrdinová
Ing. Iva Kalátová,https://www.psp.cz/sqw/detail.sqw?id=6619,Mgr. Alexandra Uherková
Ing. Iva Kalátová,https://www.psp.cz/sqw/detail.sqw?id=6619,Mgr. Josef Klepáček
Ing. Adam Kalous,https://www.psp.cz/sqw/detail.sqw?id=6497,Jana Krákorová
Ing. Adam Kalous,https://www.psp.cz/sqw/detail.sqw?id=6497,Jiří Juráš
Ing. Adam Kalous,https://www.psp.cz/sqw/detail.sqw?id=6497,Tomáš Rak
Ing. Adam Kalous,https://www.psp.cz/sqw/detail.sqw?id=6497,Vendula Sukupová
MUDr. Vít Kaňkovský,https://www.psp.cz/sqw/detail.sqw?id=6207,Dagmar Hosová
MUDr. Vít Kaňkovský,https://www.psp.cz/sqw/detail.sqw?id=6207,Mgr. Jana Skalková
"MUDr. David Kasal, MHA",https://www.psp.cz/sqw/detail.sqw?id=6209,Jaroslav Zavadil
"MUDr. David Kasal, MHA",https://www.psp.cz/sqw/detail.sqw?id=6209,Olga Šormová
"MUDr. David Kasal, MHA",https://www.psp.cz/sqw/detail.sqw?id=6209,Petra Lichorobiecová
"MUDr. David Kasal, MHA",https://www.psp.cz/sqw/detail.sqw?id=6209,Vilém Meduna
"MUDr. David Kasal, MHA",https://www.psp.cz/sqw/detail.sqw?id=6209,Štěpán Lisý
Mgr. Václav Klaus,https://www.psp.cz/sqw/detail.sqw?id=6498,Ing. Daniel Kolář
Mgr. Václav Klaus,https://www.psp.cz/sqw/detail.sqw?id=6498,Martin Černý
Mgr. Jiří Kobza,https://www.psp.cz/sqw/detail.sqw?id=6503,Tomáš Doležal
Mgr. Jiří Kobza,https://www.psp.cz/sqw/detail.sqw?id=6503,Věra Příhodová
Jiří Kohoutek,https://www.psp.cz/sqw/detail.sqw?id=6504,Ivana Říhová Jarkovská
Jiří Kohoutek,https://www.psp.cz/sqw/detail.sqw?id=6504,Petr Krátký
"Mgr. Tomáš Kohoutek, MBA",https://www.psp.cz/sqw/detail.sqw?id=6506,Ing Radek Andrš
"Mgr. Tomáš Kohoutek, MBA",https://www.psp.cz/sqw/detail.sqw?id=6506,Ing. Aster Jiří
"Mgr. Tomáš Kohoutek, MBA",https://www.psp.cz/sqw/detail.sqw?id=6506,Ing. Jakub Komárek
"Mgr. Tomáš Kohoutek, MBA",https://www.psp.cz/sqw/detail.sqw?id=6506,Ing. Vojtěch Ryvola
"Mgr. Tomáš Kohoutek, MBA",https://www.psp.cz/sqw/detail.sqw?id=6506,Mgr. David Kroupa
"Mgr. Tomáš Kohoutek, MBA",https://www.psp.cz/sqw/detail.sqw?id=6506,Patrik Srba
Lukáš Kolářík,https://www.psp.cz/sqw/detail.sqw?id=6507,Daniel Galuszka
Lukáš Kolářík,https://www.psp.cz/sqw/detail.sqw?id=6507,Zuzana Kudláčková
Ing. Martin Kolovratník,https://www.psp.cz/sqw/detail.sqw?id=6211,Lukáš Luzar
Ing. Martin Kolovratník,https://www.psp.cz/sqw/detail.sqw?id=6211,Pavel Schröfel
Ing. Martin Kolovratník,https://www.psp.cz/sqw/detail.sqw?id=6211,Roman Sodomka
František Kopřiva,https://www.psp.cz/sqw/detail.sqw?id=6499,Alexandr Mansurov
František Kopřiva,https://www.psp.cz/sqw/detail.sqw?id=6499,Aleš Vopat
František Kopřiva,https://www.psp.cz/sqw/detail.sqw?id=6499,Jitka Paštyková
František Kopřiva,https://www.psp.cz/sqw/detail.sqw?id=6499,Tomáš Guth Jarkovský
Mgr. Barbora Kořanová,https://www.psp.cz/sqw/detail.sqw?id=6464,Dominik Schejbal
Mgr. Barbora Kořanová,https://www.psp.cz/sqw/detail.sqw?id=6464,Kristýna Stará
Mgr. Barbora Kořanová,https://www.psp.cz/sqw/detail.sqw?id=6464,Robert Ledvinka
Radek Koten,https://www.psp.cz/sqw/detail.sqw?id=6508,JUDr. Petr Paul
Radek Koten,https://www.psp.cz/sqw/detail.sqw?id=6508,Lucie Nováková
Radek Koten,https://www.psp.cz/sqw/detail.sqw?id=6508,Marcela Severová
Ing. Josef Kott,https://www.psp.cz/sqw/detail.sqw?id=6246,David Rožánek
Ing. Josef Kott,https://www.psp.cz/sqw/detail.sqw?id=6246,Jana Líbalová
Ing. Josef Kott,https://www.psp.cz/sqw/detail.sqw?id=6246,Kateřina Friedová
Ing. Pavel Kováčik,https://www.psp.cz/sqw/detail.sqw?id=309,Marek Nevoral
Ing. Věra Kovářová,https://www.psp.cz/sqw/detail.sqw?id=6214,Marie Mandíková
Ing. Věra Kovářová,https://www.psp.cz/sqw/detail.sqw?id=6214,Mgr. Jitka Soukupová
Ing. Věra Kovářová,https://www.psp.cz/sqw/detail.sqw?id=6214,Pavel Pacovský
Lenka Kozlová,https://www.psp.cz/sqw/detail.sqw?id=6465,Ondřej Chrást
Lenka Kozlová,https://www.psp.cz/sqw/detail.sqw?id=6465,Štěpán Drtina
Robert Králíček,https://www.psp.cz/sqw/detail.sqw?id=6509,Dominik Presl
Robert Králíček,https://www.psp.cz/sqw/detail.sqw?id=6509,Kristýna Stará
Robert Králíček,https://www.psp.cz/sqw/detail.sqw?id=6509,"Mgr. Michael John, MBA,LLM"
Robert Králíček,https://www.psp.cz/sqw/detail.sqw?id=6509,Petr Smolník
Robert Králíček,https://www.psp.cz/sqw/detail.sqw?id=6509,Veronika Miličková
Mgr. Karel Krejza,https://www.psp.cz/sqw/detail.sqw?id=6510,Christina Chytrá
Mgr. Karel Krejza,https://www.psp.cz/sqw/detail.sqw?id=6510,Mgr. Pavel Kozdera
Ing. Jana Krutáková,https://www.psp.cz/sqw/detail.sqw?id=6466,Lucie Krejčová
Ing. Jana Krutáková,https://www.psp.cz/sqw/detail.sqw?id=6466,Magdalena Hrabětová
Ing. Jana Krutáková,https://www.psp.cz/sqw/detail.sqw?id=6466,Veronika Houserová
"Ing. Roman Kubíček, Ph.D.",https://www.psp.cz/sqw/detail.sqw?id=6215,JUDr. Štěpán Stupčuk
"Ing. Roman Kubíček, Ph.D.",https://www.psp.cz/sqw/detail.sqw?id=6215,Simona Sedlářová
"Ing. Roman Kubíček, Ph.D.",https://www.psp.cz/sqw/detail.sqw?id=6215,Tomáš Kubín
Ing. Jan Kubík,https://www.psp.cz/sqw/detail.sqw?id=6511,Jan Petr
Ing. Jan Kubík,https://www.psp.cz/sqw/detail.sqw?id=6511,Miroslav Smolák
Mgr. Martin Kupka,https://www.psp.cz/sqw/detail.sqw?id=6538,Jiří Havránek
Mgr. Martin Kupka,https://www.psp.cz/sqw/detail.sqw?id=6538,Michal Koliáš
Ing. Jaroslav Kytýr,https://www.psp.cz/sqw/detail.sqw?id=6512,JUDr. Tomáš Zíka
Ing. Jaroslav Kytýr,https://www.psp.cz/sqw/detail.sqw?id=6512,Petra Lichorobiecová
Ing. Jaroslav Kytýr,https://www.psp.cz/sqw/detail.sqw?id=6512,Zuzana Přívratská
Mgr. Helena Langšádlová,https://www.psp.cz/sqw/detail.sqw?id=5943,Jakub Fišer
Jana Levová,https://www.psp.cz/sqw/detail.sqw?id=6502,Martin Machura
Jana Levová,https://www.psp.cz/sqw/detail.sqw?id=6502,Miroslav Kleisner
Jan Lipavský,https://www.psp.cz/sqw/detail.sqw?id=6537,Hana Martínková
Jan Lipavský,https://www.psp.cz/sqw/detail.sqw?id=6537,Kristýna Plašilová
Jan Lipavský,https://www.psp.cz/sqw/detail.sqw?id=6537,Ondřej Lipavský
Ing. et Ing. Leo Luzar,https://www.psp.cz/sqw/detail.sqw?id=6279,Dagmar Dudková
Ing. et Ing. Leo Luzar,https://www.psp.cz/sqw/detail.sqw?id=6279,RSDr. Ivana Kalousková
Zuzana Majerová Zahradníková,https://www.psp.cz/sqw/detail.sqw?id=6467,Dan Štěpánek
Zuzana Majerová Zahradníková,https://www.psp.cz/sqw/detail.sqw?id=6467,Martin Balcárek
Mgr. Ing. Taťána Malá,https://www.psp.cz/sqw/detail.sqw?id=6468,Bc. Jana Lancůchová
Mgr. Ing. Taťána Malá,https://www.psp.cz/sqw/detail.sqw?id=6468,Klára Dubovská
Mgr. Ing. Taťána Malá,https://www.psp.cz/sqw/detail.sqw?id=6468,Mgr. Milan Polák
Mgr. Ing. Taťána Malá,https://www.psp.cz/sqw/detail.sqw?id=6468,Vítězslav Klement
Přemysl Mališ,https://www.psp.cz/sqw/detail.sqw?id=6536,Filip Jiroušek
Přemysl Mališ,https://www.psp.cz/sqw/detail.sqw?id=6536,Ing. Pavlína Kuncová
Ing. Tomáš Martínek,https://www.psp.cz/sqw/detail.sqw?id=6535,David Drobný
Ing. Tomáš Martínek,https://www.psp.cz/sqw/detail.sqw?id=6535,Ing. Lukáš Forýtek
Ing. Tomáš Martínek,https://www.psp.cz/sqw/detail.sqw?id=6535,Marek Förster
Ing. Tomáš Martínek,https://www.psp.cz/sqw/detail.sqw?id=6535,"RNDr. Martin Rejman, Ph.D."
Jaroslav Martinů,https://www.psp.cz/sqw/detail.sqw?id=5945,Ing. Kristýna Kopecká
Jaroslav Martinů,https://www.psp.cz/sqw/detail.sqw?id=5945,Jindřich Šafařík
Karla Maříková,https://www.psp.cz/sqw/detail.sqw?id=6469,Michal Pála
MUDr. Jiří Mašek,https://www.psp.cz/sqw/detail.sqw?id=6534,Jaroslava Krenčíková
MUDr. Jiří Mašek,https://www.psp.cz/sqw/detail.sqw?id=6534,Jiří Doležal
MUDr. Jiří Mašek,https://www.psp.cz/sqw/detail.sqw?id=6534,Mgr. Zbyněk Čermák
Ing. Květa Matušovská,https://www.psp.cz/sqw/detail.sqw?id=5938,"Ing. Jiří Čáp, Ph.D."
Ing. Květa Matušovská,https://www.psp.cz/sqw/detail.sqw?id=5938,Mgr. Lidmila Kružíková
Ing. Květa Matušovská,https://www.psp.cz/sqw/detail.sqw?id=5938,Monika Matějů
Ing. Květa Matušovská,https://www.psp.cz/sqw/detail.sqw?id=5938,Pavel Vaněrek
MUDr. Eva Matyášová,https://www.psp.cz/sqw/detail.sqw?id=6540,Ivana Večeřová
MUDr. Eva Matyášová,https://www.psp.cz/sqw/detail.sqw?id=6540,Tomáš Štayr
Marcela Melková,https://www.psp.cz/sqw/detail.sqw?id=6476,Hana Konopová
Marcela Melková,https://www.psp.cz/sqw/detail.sqw?id=6476,Tomáš Haspeklo
"Mgr. Jiří Mihola, Ph.D.",https://www.psp.cz/sqw/detail.sqw?id=6222,Aleš Strnad
"Mgr. Jiří Mihola, Ph.D.",https://www.psp.cz/sqw/detail.sqw?id=6222,Ing.Mgr. Šárka Hawerlandová
"Mgr. Jiří Mihola, Ph.D.",https://www.psp.cz/sqw/detail.sqw?id=6222,Jan Vacíř
Mgr. et Mgr. Jakub Michálek,https://www.psp.cz/sqw/detail.sqw?id=6477,Mgr. Kristýna Plašilová
Mgr. et Mgr. Jakub Michálek,https://www.psp.cz/sqw/detail.sqw?id=6477,Mgr. Martin Štancl
Mgr. Jana Mračková Vildumetzová,https://www.psp.cz/sqw/detail.sqw?id=6471,Gabriela Dostálová
Mgr. Jana Mračková Vildumetzová,https://www.psp.cz/sqw/detail.sqw?id=6471,PhDr. Andrea Patočková
Mgr. Jana Mračková Vildumetzová,https://www.psp.cz/sqw/detail.sqw?id=6471,Vojtěch Matoušek
Ing. Vojtěch Munzar,https://www.psp.cz/sqw/detail.sqw?id=6486,Filip Šebesta
Ing. Vojtěch Munzar,https://www.psp.cz/sqw/detail.sqw?id=6486,Ing. Andrea Kuncová
Ing. Vojtěch Munzar,https://www.psp.cz/sqw/detail.sqw?id=6486,Jiří Havránek
Ing. Vojtěch Munzar,https://www.psp.cz/sqw/detail.sqw?id=6486,Magdalena Lišková
Ing. Patrik Nacher,https://www.psp.cz/sqw/detail.sqw?id=6487,Mgr. Miroslav Zeman
Ing. Patrik Nacher,https://www.psp.cz/sqw/detail.sqw?id=6487,Petr Prchal
Ing. Patrik Nacher,https://www.psp.cz/sqw/detail.sqw?id=6487,Veronika Miličková
Bc. František Navrkal,https://www.psp.cz/sqw/detail.sqw?id=6624,Anna Doová
Bc. František Navrkal,https://www.psp.cz/sqw/detail.sqw?id=6624,Lukáš Bartík
Bc. František Navrkal,https://www.psp.cz/sqw/detail.sqw?id=6624,Radek Holodňák
Ivana Nevludová,https://www.psp.cz/sqw/detail.sqw?id=6478,Dominik Wilczek
Ivana Nevludová,https://www.psp.cz/sqw/detail.sqw?id=6478,Lenka Tomala
Ivana Nevludová,https://www.psp.cz/sqw/detail.sqw?id=6478,Mgr. Ing. Pynelopi Cimprichová
"Marek Novák, MBA",https://www.psp.cz/sqw/detail.sqw?id=6533,Jan Zilvar
"Marek Novák, MBA",https://www.psp.cz/sqw/detail.sqw?id=6533,Kateřina Šupová
"Marek Novák, MBA",https://www.psp.cz/sqw/detail.sqw?id=6533,Lucie Prusenovská
"Marek Novák, MBA",https://www.psp.cz/sqw/detail.sqw?id=6533,Pavel Martiník
"Marek Novák, MBA",https://www.psp.cz/sqw/detail.sqw?id=6533,Petr Müller
Ing. Monika Oborná,https://www.psp.cz/sqw/detail.sqw?id=6475,Jiří Doležal
Ing. Monika Oborná,https://www.psp.cz/sqw/detail.sqw?id=6475,Mgr. David Rožánek
Ing. Monika Oborná,https://www.psp.cz/sqw/detail.sqw?id=6475,Šárka Vostálová
Tomio Okamura,https://www.psp.cz/sqw/detail.sqw?id=6105,Andrea Dupová
Tomio Okamura,https://www.psp.cz/sqw/detail.sqw?id=6105,Jaroslav Novák
Tomio Okamura,https://www.psp.cz/sqw/detail.sqw?id=6105,Mgr. Barbora Zeťová
Tomio Okamura,https://www.psp.cz/sqw/detail.sqw?id=6105,Ota Ledvinka
Tomio Okamura,https://www.psp.cz/sqw/detail.sqw?id=6105,PhDr. Lukáš Petřík
Ladislav Okleštěk,https://www.psp.cz/sqw/detail.sqw?id=6172,Aneta Benešová
Ladislav Okleštěk,https://www.psp.cz/sqw/detail.sqw?id=6172,Ing. Jaromír Hruban
Ladislav Okleštěk,https://www.psp.cz/sqw/detail.sqw?id=6172,JUDr. Vladimír Lichnovský
Ladislav Okleštěk,https://www.psp.cz/sqw/detail.sqw?id=6172,Roman Drkula
"Bc. Roman Onderka, MBA",https://www.psp.cz/sqw/detail.sqw?id=6532,Barbora Křížová
"Bc. Roman Onderka, MBA",https://www.psp.cz/sqw/detail.sqw?id=6532,Ilona Kapounová
"Bc. Roman Onderka, MBA",https://www.psp.cz/sqw/detail.sqw?id=6532,Petr Jílek
"JUDr. PhDr. Zdeněk Ondráček, Ph.D.",https://www.psp.cz/sqw/detail.sqw?id=6224,Bc. Stanislav Mackovík
"JUDr. PhDr. Zdeněk Ondráček, Ph.D.",https://www.psp.cz/sqw/detail.sqw?id=6224,Helena Leichterová
"JUDr. PhDr. Zdeněk Ondráček, Ph.D.",https://www.psp.cz/sqw/detail.sqw?id=6224,Iva Řezníčková
Ing. Zuzana Ožanová,https://www.psp.cz/sqw/detail.sqw?id=6474,Ing. Monika Polenová
Ing. Zuzana Ožanová,https://www.psp.cz/sqw/detail.sqw?id=6474,Petr Veselka
Ing. Zuzana Ožanová,https://www.psp.cz/sqw/detail.sqw?id=6474,Robert Vondrovic
Mgr. Jana Pastuchová,https://www.psp.cz/sqw/detail.sqw?id=6225,Bc. Kateřina Ostrá
Mgr. Jana Pastuchová,https://www.psp.cz/sqw/detail.sqw?id=6225,Jana Hajná
Mgr. Jana Pastuchová,https://www.psp.cz/sqw/detail.sqw?id=6225,Kamila Hamáčková
Ing. Petr Pávek,https://www.psp.cz/sqw/detail.sqw?id=6541,Erich Kříž
Ing. Petr Pávek,https://www.psp.cz/sqw/detail.sqw?id=6541,Lukáš Tůma
Ing. Petr Pávek,https://www.psp.cz/sqw/detail.sqw?id=6541,Simon Slanina
Bc. Daniel Pawlas,https://www.psp.cz/sqw/detail.sqw?id=6485,Antonín Kuboš
Bc. Daniel Pawlas,https://www.psp.cz/sqw/detail.sqw?id=6485,Christina Karterisová
Bc. Daniel Pawlas,https://www.psp.cz/sqw/detail.sqw?id=6485,Dr. Tran Manh Tien
Ing. Markéta Pekarová Adamová,https://www.psp.cz/sqw/detail.sqw?id=6147,Kateřina Hadrabová
Ing. Markéta Pekarová Adamová,https://www.psp.cz/sqw/detail.sqw?id=6147,Petr Pelc
Ing. Marie Pěnčíková,https://www.psp.cz/sqw/detail.sqw?id=6228,Alena Nohavová
Ing. Marie Pěnčíková,https://www.psp.cz/sqw/detail.sqw?id=6228,David Prokš
Ing. Marie Pěnčíková,https://www.psp.cz/sqw/detail.sqw?id=6228,Ing. Pavel Kroča
Ing. Marie Pěnčíková,https://www.psp.cz/sqw/detail.sqw?id=6228,Ing. Pavel Čihák
Ing. Marie Pěnčíková,https://www.psp.cz/sqw/detail.sqw?id=6228,Přemysl Drobil
Ing. František Petrtýl,https://www.psp.cz/sqw/detail.sqw?id=6409,Tomáš Haspeklo
Ing. František Petrtýl,https://www.psp.cz/sqw/detail.sqw?id=6409,Tomáš Pacák
Bc. Vojtěch Pikal,https://www.psp.cz/sqw/detail.sqw?id=6531,Anna Doová
Bc. Vojtěch Pikal,https://www.psp.cz/sqw/detail.sqw?id=6531,Denisa Rendová
Bc. Vojtěch Pikal,https://www.psp.cz/sqw/detail.sqw?id=6531,Jan Nevyjel
Bc. Vojtěch Pikal,https://www.psp.cz/sqw/detail.sqw?id=6531,Josef Indra
Bc. Vojtěch Pikal,https://www.psp.cz/sqw/detail.sqw?id=6531,Markéta Řádková
Bc. Vojtěch Pikal,https://www.psp.cz/sqw/detail.sqw?id=6531,Michal Langer
Bc. Vojtěch Pikal,https://www.psp.cz/sqw/detail.sqw?id=6531,Nela Chudová
Bc. Vojtěch Pikal,https://www.psp.cz/sqw/detail.sqw?id=6531,Stanislav Zavadil
MUDr. Pavel Plzák,https://www.psp.cz/sqw/detail.sqw?id=6171,Darina Kricnarová
MUDr. Pavel Plzák,https://www.psp.cz/sqw/detail.sqw?id=6171,Ing Ivo Vaněk
MUDr. Pavel Plzák,https://www.psp.cz/sqw/detail.sqw?id=6171,Ing. Dana Starostová
MUDr. Pavel Plzák,https://www.psp.cz/sqw/detail.sqw?id=6171,Ing. Jiří Dvořák
MUDr. Pavel Plzák,https://www.psp.cz/sqw/detail.sqw?id=6171,Jan Borůvka
Zdeněk Podal,https://www.psp.cz/sqw/detail.sqw?id=6530,Andrea Pajgerová
Mgr. Ivo Pojezný,https://www.psp.cz/sqw/detail.sqw?id=6233,Bohumil Smutný
Mgr. Ivo Pojezný,https://www.psp.cz/sqw/detail.sqw?id=6233,Filip Zachariáš
Mgr. Ivo Pojezný,https://www.psp.cz/sqw/detail.sqw?id=6233,"Mgr. Lenka Ingrová, DiS."
Mgr. Ivo Pojezný,https://www.psp.cz/sqw/detail.sqw?id=6233,Pavel Urbánek
Ing. Ondřej Polanský,https://www.psp.cz/sqw/detail.sqw?id=6529,Jaroslav Němec
Ing. Ondřej Polanský,https://www.psp.cz/sqw/detail.sqw?id=6529,Mgr. Zuzana Klusová
Ing. Ondřej Polanský,https://www.psp.cz/sqw/detail.sqw?id=6529,Veronika Murzynová
Bc. Jan Pošvář,https://www.psp.cz/sqw/detail.sqw?id=6528,Bára Malíková
Bc. Jan Pošvář,https://www.psp.cz/sqw/detail.sqw?id=6528,Martin Huňady
Bc. Jan Pošvář,https://www.psp.cz/sqw/detail.sqw?id=6528,Ondřej Beníček
Ing. Milan Pour,https://www.psp.cz/sqw/detail.sqw?id=6539,JUDr. Kristýna Bukovská
Ing. Milan Pour,https://www.psp.cz/sqw/detail.sqw?id=6539,Petr Černý
David Pražák,https://www.psp.cz/sqw/detail.sqw?id=6527,Adéla Říhová
David Pražák,https://www.psp.cz/sqw/detail.sqw?id=6527,Petra Plachá
David Pražák,https://www.psp.cz/sqw/detail.sqw?id=6527,Tomáš Haspeklo
Ondřej Profant,https://www.psp.cz/sqw/detail.sqw?id=6526,Adam Skořepa
Ondřej Profant,https://www.psp.cz/sqw/detail.sqw?id=6526,Daniel Kolář
Ondřej Profant,https://www.psp.cz/sqw/detail.sqw?id=6526,Jan Hamal Dvořák
MUDr. Věra Procházková,https://www.psp.cz/sqw/detail.sqw?id=6472,Michal Kopenec
MUDr. Věra Procházková,https://www.psp.cz/sqw/detail.sqw?id=6472,Milan Žemlička
Jaroslava Puntová,https://www.psp.cz/sqw/detail.sqw?id=6686,Klára Dubovská
Jaroslava Puntová,https://www.psp.cz/sqw/detail.sqw?id=6686,Patrik Srba
Ing. Pavel Pustějovský,https://www.psp.cz/sqw/detail.sqw?id=6525,"Daniel Mayer, MBA"
Ing. Pavel Pustějovský,https://www.psp.cz/sqw/detail.sqw?id=6525,Petr Müller
"prof. Ing. Karel Rais, CSc., MBA",https://www.psp.cz/sqw/detail.sqw?id=6158,Ing. Lenka Smolíková
"prof. Ing. Karel Rais, CSc., MBA",https://www.psp.cz/sqw/detail.sqw?id=6158,JUDr. Ing. Mgr. Marek Hodulík
"prof. Ing. Karel Rais, CSc., MBA",https://www.psp.cz/sqw/detail.sqw?id=6158,Jiří Nestával
"prof. Ing. Karel Rais, CSc., MBA",https://www.psp.cz/sqw/detail.sqw?id=6158,Ph.Dr. Jitka Vanýsková
"prof. Ing. Karel Rais, CSc., MBA",https://www.psp.cz/sqw/detail.sqw?id=6158,Veronika Stejskalová
"prof. Ing. Karel Rais, CSc., MBA",https://www.psp.cz/sqw/detail.sqw?id=6158,Vítězslav Klement
Mgr. Vít Rakušan,https://www.psp.cz/sqw/detail.sqw?id=6524,Adam Volt
Mgr. Vít Rakušan,https://www.psp.cz/sqw/detail.sqw?id=6524,Barbora Urbanová
Mgr. Vít Rakušan,https://www.psp.cz/sqw/detail.sqw?id=6524,Filip Reinöhl
Michal Ratiborský,https://www.psp.cz/sqw/detail.sqw?id=6523,Jan Tabášek
Michal Ratiborský,https://www.psp.cz/sqw/detail.sqw?id=6523,Kateřina Goldmanová
Michal Ratiborský,https://www.psp.cz/sqw/detail.sqw?id=6523,Kateřina Šupová
Michal Ratiborský,https://www.psp.cz/sqw/detail.sqw?id=6523,Petr Müller
Mgr. Bc. et Bc. et Bc. Jan Richter,https://www.psp.cz/sqw/detail.sqw?id=6500,Ing. Jakub Komárek
Mgr. Bc. et Bc. et Bc. Jan Richter,https://www.psp.cz/sqw/detail.sqw?id=6500,Tomáš Polanský
Mgr. Bc. et Bc. et Bc. Jan Richter,https://www.psp.cz/sqw/detail.sqw?id=6500,Veronika Hüblová
"PhDr. Olga Richterová, Ph.D.",https://www.psp.cz/sqw/detail.sqw?id=6473,Mgr. Soňa Pohanková
"PhDr. Olga Richterová, Ph.D.",https://www.psp.cz/sqw/detail.sqw?id=6473,Zuzana Freitas Lopesová
Miloslav Rozner,https://www.psp.cz/sqw/detail.sqw?id=6522,Jana Pupavová
Miloslav Rozner,https://www.psp.cz/sqw/detail.sqw?id=6522,Olga Švecová
Miloslav Rozner,https://www.psp.cz/sqw/detail.sqw?id=6522,Patricia Sittingerová
Miloslav Rozner,https://www.psp.cz/sqw/detail.sqw?id=6522,Petra Smolová
Radek Rozvoral,https://www.psp.cz/sqw/detail.sqw?id=6521,Oldřich Černý
Radek Rozvoral,https://www.psp.cz/sqw/detail.sqw?id=6521,"PhDr. Petr Jedinák, Ph.D.,MBA"
Mgr. Miloslava Rutová,https://www.psp.cz/sqw/detail.sqw?id=6379,Jan Závodský
Mgr. Miloslava Rutová,https://www.psp.cz/sqw/detail.sqw?id=6379,Václav Michálek
Ing. Pavel Růžička,https://www.psp.cz/sqw/detail.sqw?id=6520,Hedvika Mašková
Ing. Pavel Růžička,https://www.psp.cz/sqw/detail.sqw?id=6520,Miroslav Matějka
Ing. Jan Řehounek,https://www.psp.cz/sqw/detail.sqw?id=6519,Jaroslava Hustáková
Ing. Jan Řehounek,https://www.psp.cz/sqw/detail.sqw?id=6519,Tomáš Knížek
Ing. Jan Řehounek,https://www.psp.cz/sqw/detail.sqw?id=6519,Tomáš Krátký
Petr Sadovský,https://www.psp.cz/sqw/detail.sqw?id=6518,Jiří Doležal
Miroslav Samaš,https://www.psp.cz/sqw/detail.sqw?id=6688,Antonín Merhaut
Miroslav Samaš,https://www.psp.cz/sqw/detail.sqw?id=6688,Hana Konopová
Miroslav Samaš,https://www.psp.cz/sqw/detail.sqw?id=6688,Ing. Pavlína Kuncová
Karel Schwarzenberg,https://www.psp.cz/sqw/detail.sqw?id=5558,Filip Štědrý
Karel Schwarzenberg,https://www.psp.cz/sqw/detail.sqw?id=5558,Lucie Weitzová
Mgr. Roman Sklenák,https://www.psp.cz/sqw/detail.sqw?id=5965,Bc. Jaroslav Lempera
Mgr. Roman Sklenák,https://www.psp.cz/sqw/detail.sqw?id=5965,Petr Kolečkář
Ing. et Ing. Jan Skopeček,https://www.psp.cz/sqw/detail.sqw?id=6418,Filip Šebesta
Ing. et Ing. Jan Skopeček,https://www.psp.cz/sqw/detail.sqw?id=6418,Jan Kozák
Ing. et Ing. Jan Skopeček,https://www.psp.cz/sqw/detail.sqw?id=6418,Magdaléna Lišková
Ing. et Ing. Jan Skopeček,https://www.psp.cz/sqw/detail.sqw?id=6418,Marta El Bournová
"doc. Mgr. Antonín Staněk, Ph.D.",https://www.psp.cz/sqw/detail.sqw?id=6516,Mgr Ivan Vágner
"doc. Mgr. Antonín Staněk, Ph.D.",https://www.psp.cz/sqw/detail.sqw?id=6516,PhDr. Bohumil Šíp
Ing. Pavel Staněk,https://www.psp.cz/sqw/detail.sqw?id=6501,Ivona Matušková
Ing. Zbyněk Stanjura,https://www.psp.cz/sqw/detail.sqw?id=5969,Jana Kuchařová
Ing. Zbyněk Stanjura,https://www.psp.cz/sqw/detail.sqw?id=5969,Libuše Volfová
Ing. Jiří Strýček,https://www.psp.cz/sqw/detail.sqw?id=6515,Jan Tabášek
Ing. Jiří Strýček,https://www.psp.cz/sqw/detail.sqw?id=6515,Kateřina Šupová
Ing. Jiří Strýček,https://www.psp.cz/sqw/detail.sqw?id=6515,Petr Müller
"Doc. MUDr. Bohuslav Svoboda, CSc.",https://www.psp.cz/sqw/detail.sqw?id=6007,Vojtěch Ruso
"Doc. MUDr. Bohuslav Svoboda, CSc.",https://www.psp.cz/sqw/detail.sqw?id=6007,Václav Smolka
Bc. Lucie Šafránková,https://www.psp.cz/sqw/detail.sqw?id=6479,Akop Chodžajan
Bc. Lucie Šafránková,https://www.psp.cz/sqw/detail.sqw?id=6479,"Ing. Ivan Fencl, Ph.D."
Bc. Lucie Šafránková,https://www.psp.cz/sqw/detail.sqw?id=6479,Karel Cholek
Bc. Lucie Šafránková,https://www.psp.cz/sqw/detail.sqw?id=6479,Tomáš Doležal
Mgr. Pavel Šindelář,https://www.psp.cz/sqw/detail.sqw?id=6691,Ivona Fišerová
Mgr. Pavel Šindelář,https://www.psp.cz/sqw/detail.sqw?id=6691,Martin Hučko
Mgr. Pavel Šindelář,https://www.psp.cz/sqw/detail.sqw?id=6691,Matyáš Trůka
Ing. Karla Šlechtová,https://www.psp.cz/sqw/detail.sqw?id=6287,Mgr. Zdeňka Pikner
Lubomír Španěl,https://www.psp.cz/sqw/detail.sqw?id=6514,Irena Staňková
Lubomír Španěl,https://www.psp.cz/sqw/detail.sqw?id=6514,Stanislava Seloucká
"prof. MUDr. Julius Špičák, CSc.",https://www.psp.cz/sqw/detail.sqw?id=6505,Martin Vodička
"prof. MUDr. Julius Špičák, CSc.",https://www.psp.cz/sqw/detail.sqw?id=6505,Mgr. Aneta Bernardová
David Štolpa,https://www.psp.cz/sqw/detail.sqw?id=6484,Libor Valenta
David Štolpa,https://www.psp.cz/sqw/detail.sqw?id=6484,Petr Štejdýř
David Štolpa,https://www.psp.cz/sqw/detail.sqw?id=6484,Vítězslav Klement
Ing. Petr Třešňák,https://www.psp.cz/sqw/detail.sqw?id=6483,Josef Pavlovic
Ing. Petr Třešňák,https://www.psp.cz/sqw/detail.sqw?id=6483,Zuzana Koláříková
Ing. Karel Tureček,https://www.psp.cz/sqw/detail.sqw?id=6240,Libor Moravec
Ing. Karel Tureček,https://www.psp.cz/sqw/detail.sqw?id=6240,Martin Štoll
Ing. Karel Tureček,https://www.psp.cz/sqw/detail.sqw?id=6240,Miroslav Ryba
"prof. RNDr. František Vácha, Ph.D.",https://www.psp.cz/sqw/detail.sqw?id=6137,Ing. Ludmila Petrov Rysová
"prof. RNDr. František Vácha, Ph.D.",https://www.psp.cz/sqw/detail.sqw?id=6137,Martin Pikous
"prof. RNDr. František Vácha, Ph.D.",https://www.psp.cz/sqw/detail.sqw?id=6137,Natalie Born
"Mgr. Kateřina Valachová, Ph.D.",https://www.psp.cz/sqw/detail.sqw?id=6337,Jaroslav Černý
"Mgr. Kateřina Valachová, Ph.D.",https://www.psp.cz/sqw/detail.sqw?id=6337,Magdalena Mrnková
"Mgr. Kateřina Valachová, Ph.D.",https://www.psp.cz/sqw/detail.sqw?id=6337,Pavel Končel
"prof. MUDr. Vlastimil Válek, CSc., MBA, EBIR",https://www.psp.cz/sqw/detail.sqw?id=6482,Jana Pleyerová
"prof. MUDr. Vlastimil Válek, CSc., MBA, EBIR",https://www.psp.cz/sqw/detail.sqw?id=6482,Jitka Halouzková
"prof. MUDr. Vlastimil Válek, CSc., MBA, EBIR",https://www.psp.cz/sqw/detail.sqw?id=6482,Jiří Svoboda
"prof. MUDr. Vlastimil Válek, CSc., MBA, EBIR",https://www.psp.cz/sqw/detail.sqw?id=6482,Kateřina Jelínková
"prof. MUDr. Vlastimil Válek, CSc., MBA, EBIR",https://www.psp.cz/sqw/detail.sqw?id=6482,Mgr. Andrea Lukáčová
"PhDr. Ing. Mgr. et Mgr. Jiří Valenta, DBA",https://www.psp.cz/sqw/detail.sqw?id=6169,Helena Korandová
"PhDr. Ing. Mgr. et Mgr. Jiří Valenta, DBA",https://www.psp.cz/sqw/detail.sqw?id=6169,RSDr. Zdeňka Hornofová
"prof. JUDr. Helena Válková, CSc.",https://www.psp.cz/sqw/detail.sqw?id=6168,Jan Lembas
"prof. JUDr. Helena Válková, CSc.",https://www.psp.cz/sqw/detail.sqw?id=6168,Kateřina Šunková Horáková
"prof. JUDr. Helena Válková, CSc.",https://www.psp.cz/sqw/detail.sqw?id=6168,Mgr. Tomáš Pokorný
Mgr. Bc. Petr Venhoda,https://www.psp.cz/sqw/detail.sqw?id=6587,"David Tacl, MA"
Mgr. Bc. Petr Venhoda,https://www.psp.cz/sqw/detail.sqw?id=6587,Lenka Hrdinová
JUDr. Ondřej Veselý,https://www.psp.cz/sqw/detail.sqw?id=6494,Ilona Kapounová
JUDr. Ondřej Veselý,https://www.psp.cz/sqw/detail.sqw?id=6494,Petr Lebeda
JUDr. Ondřej Veselý,https://www.psp.cz/sqw/detail.sqw?id=6494,"Roman Ondřich, DiS."
Ing. Radovan Vích,https://www.psp.cz/sqw/detail.sqw?id=6495,Bronislav Kalvoda
Ing. Radovan Vích,https://www.psp.cz/sqw/detail.sqw?id=6495,Mgr. Věnceslava Drábková
Ing. Radovan Vích,https://www.psp.cz/sqw/detail.sqw?id=6495,Vladimíra Bondarenková
Mgr. et Mgr. Adam Vojtěch,https://www.psp.cz/sqw/detail.sqw?id=6491,Mgr. Dagmar Dolinská
Ing. Jan Volný,https://www.psp.cz/sqw/detail.sqw?id=6166,Jan Závodský
Ing. Jan Volný,https://www.psp.cz/sqw/detail.sqw?id=6166,Lenka Opavová
Ing. Jan Volný,https://www.psp.cz/sqw/detail.sqw?id=6166,Mgr. Michal Marek
Mgr. Lubomír Volný,https://www.psp.cz/sqw/detail.sqw?id=6481,Jana Volfová
Mgr. Lubomír Volný,https://www.psp.cz/sqw/detail.sqw?id=6481,Mgr Václav Kubín
Mgr. Lubomír Volný,https://www.psp.cz/sqw/detail.sqw?id=6481,Radek Přepiora
Mgr. Radek Vondráček,https://www.psp.cz/sqw/detail.sqw?id=6165,MUDr. Pavel Volčík
Mgr. Radek Vondráček,https://www.psp.cz/sqw/detail.sqw?id=6165,Miroslav Michajlovič
"prof. Ing. Ivo Vondrák, CSc.",https://www.psp.cz/sqw/detail.sqw?id=6492,Ivana Martáková Blaťáková
"prof. Ing. Ivo Vondrák, CSc.",https://www.psp.cz/sqw/detail.sqw?id=6492,Jan Tabášek
"prof. Ing. Ivo Vondrák, CSc.",https://www.psp.cz/sqw/detail.sqw?id=6492,Mgr. Alexandra Uherková
"prof. Ing. Ivo Vondrák, CSc.",https://www.psp.cz/sqw/detail.sqw?id=6492,"Róbert Masarovič, MSc."
Ing. Miloslava Vostrá,https://www.psp.cz/sqw/detail.sqw?id=5268,František Švarc
Ing. Miloslava Vostrá,https://www.psp.cz/sqw/detail.sqw?id=5268,JUDr. Jozef Rozsár
Ing. Miloslava Vostrá,https://www.psp.cz/sqw/detail.sqw?id=5268,Mgr. Jan Klán
Ing. Miloslava Vostrá,https://www.psp.cz/sqw/detail.sqw?id=5268,RSDr. Eva Vlčková
Ing. Václav Votava,https://www.psp.cz/sqw/detail.sqw?id=5272,Mgr. Jana Janovská
Mgr. Marek Výborný,https://www.psp.cz/sqw/detail.sqw?id=6513,František Jelínek
Mgr. Marek Výborný,https://www.psp.cz/sqw/detail.sqw?id=6513,Mgr. Josef Wolf
Mgr. Marek Výborný,https://www.psp.cz/sqw/detail.sqw?id=6513,Petra Klechová
Mgr. Marek Výborný,https://www.psp.cz/sqw/detail.sqw?id=6513,Vilém Anzenbacher
Ing. Jaroslav Vymazal,https://www.psp.cz/sqw/detail.sqw?id=6666,Ivona Fišerová
Ing. Jaroslav Vymazal,https://www.psp.cz/sqw/detail.sqw?id=6666,Jana Žáková
Ing. Jaroslav Vymazal,https://www.psp.cz/sqw/detail.sqw?id=6666,Petra Štollová
Tomáš Vymazal,https://www.psp.cz/sqw/detail.sqw?id=6489,Daniel Galuszka
Tomáš Vymazal,https://www.psp.cz/sqw/detail.sqw?id=6489,Mgr. David Albrecht
Tomáš Vymazal,https://www.psp.cz/sqw/detail.sqw?id=6489,Ondřej Klíma
"prof. MUDr. Rostislav Vyzula, CSc.",https://www.psp.cz/sqw/detail.sqw?id=6161,Alexandra Mrkvicová
"prof. MUDr. Rostislav Vyzula, CSc.",https://www.psp.cz/sqw/detail.sqw?id=6161,Ing. Aleš Kvíčala
"prof. MUDr. Rostislav Vyzula, CSc.",https://www.psp.cz/sqw/detail.sqw?id=6161,JUDr. Milan Bařina
"prof. MUDr. Rostislav Vyzula, CSc.",https://www.psp.cz/sqw/detail.sqw?id=6161,Mgr. Antonín Šimeček
RNDr. Jan Zahradník,https://www.psp.cz/sqw/detail.sqw?id=5844,Barbora Jägrová
RNDr. Jan Zahradník,https://www.psp.cz/sqw/detail.sqw?id=5844,Jan Pešek
PhDr. Lubomír Zaorálek,https://www.psp.cz/sqw/detail.sqw?id=252,Petra Krejčířová
Ing. Radek Zlesák,https://www.psp.cz/sqw/detail.sqw?id=6480,David Rožánek
Ing. Radek Zlesák,https://www.psp.cz/sqw/detail.sqw?id=6480,Ing. Vlastimil Forst
Ing. Radek Zlesák,https://www.psp.cz/sqw/detail.sqw?id=6480,Jiří Pokorný
Ing. Radek Zlesák,https://www.psp.cz/sqw/detail.sqw?id=6480,Kateřina Friedová
"PhDr. Pavel Žáček, Ph.D.",https://www.psp.cz/sqw/detail.sqw?id=5226,Jiří Kozák
"PhDr. Pavel Žáček, Ph.D.",https://www.psp.cz/sqw/detail.sqw?id=5226,Ladislav Vovesný
"PhDr. Pavel Žáček, Ph.D.",https://www.psp.cz/sqw/detail.sqw?id=5226,Lucie Včeláková
